<?xml version="1.0" encoding="UTF-8"?>
<Tokens version="1.0">
	<File path="Constants/TextChatViewEventSignal.html">
		
		<Token>
			<TokenIdentifier>//apple_ref/c/tdef/TextChatViewEventSignal</TokenIdentifier>
			<Abstract type="html">TextChatViewEventSignal is the enum for signal generated by the textchat</Abstract>
			<DeclaredIn>TextChatView.h</DeclaredIn>
            
			
			<NodeRef refid="5"/>
		</Token>
		
		
        
        <Token>
            <TokenIdentifier>//apple_ref/c/econst/TextChatViewEventSignalDidSendMessage</TokenIdentifier>
            <Abstract type="html">When the component sends a message
     </Abstract>
            <Declaration>TextChatViewEventSignalDidSendMessage</Declaration>
            
            <DeclaredIn>TextChatView.h</DeclaredIn>
            
            <NodeRef refid="5"/>
        </Token>
        
        <Token>
            <TokenIdentifier>//apple_ref/c/econst/TextChatViewEventSignalDidReceiveMessage</TokenIdentifier>
            <Abstract type="html">When the component receive a new message
     </Abstract>
            <Declaration>TextChatViewEventSignalDidReceiveMessage</Declaration>
            
            <DeclaredIn>TextChatView.h</DeclaredIn>
            
            <NodeRef refid="5"/>
        </Token>
        
        <Token>
            <TokenIdentifier>//apple_ref/c/econst/TextChatViewEventSignalDidConnect</TokenIdentifier>
            <Abstract type="html">When a new connection is requested and the connection performed successfully
     </Abstract>
            <Declaration>TextChatViewEventSignalDidConnect</Declaration>
            
            <DeclaredIn>TextChatView.h</DeclaredIn>
            
            <NodeRef refid="5"/>
        </Token>
        
        <Token>
            <TokenIdentifier>//apple_ref/c/econst/TextChatViewEventSignalDidDisconnect</TokenIdentifier>
            <Abstract type="html">When a disconnection is requested and if performed successfully
     </Abstract>
            <Declaration>TextChatViewEventSignalDidDisconnect</Declaration>
            
            <DeclaredIn>TextChatView.h</DeclaredIn>
            
            <NodeRef refid="5"/>
        </Token>
        
        
	</File>
</Tokens>